{"km_rfm": {"K": [2, 3, 4, 5, 6, 7, 8, 9, 10], "inertia": [15975.740939725136, 11522.161505872835, 9168.79177014425, 7944.561353664958, 6833.000208542629, 6080.994838395325, 5532.98824568064, 4999.29523392358, 4585.924129257164], "silhouette": [0.46273619114461495, 0.43665115042263797, 0.43313594863317734, 0.3626749263780687, 0.3536918272471643, 0.35361784826501796, 0.35363741550586186, 0.3540442446645602, 0.3432446078346377]}, "km_socio": {"K": [2, 3, 4, 5, 6, 7, 8, 9, 10], "inertia": [32726.396875219518, 28065.443887368074, 24398.74220268837, 22259.778186452717, 20282.45556411089, 18724.18470446792, 17430.29155633207, 16305.769709278411, 15586.203570572907], "silhouette": [0.19836777495828609, 0.20705676299177356, 0.22066463923845805, 0.20511035633160218, 0.20198838979278094, 0.19860985116513313, 0.21090633921787555, 0.2108954492150069, 0.21473284368474935]}, "lca_rfm": {"K": [2, 3, 4, 5], "bic": [18982077864.723507, 10917877216.718119, 7230445012.01224, 4811282472.261075], "entropy": [0.9999999999999487, 0.9999999999999362, 0.9999999999999245, 0.9999999999999135]}, "lca_socio": {"K": [2, 3, 4, 5, 6, 7], "bic": [358348.9758777872, 235517.28127722832, 186044.15798680627, 164836.36228803173, 152048.37823376257, 145311.73078158867], "entropy": [0.999817590310003, 0.9979605323375063, 0.9850572339641513, 0.9787138342841394, 0.9726504887999682, 0.9626273356841508]}}